id,nome,quartiere,classificazione,score,note,ciclabile_presente,n_corsie,senso_unico,n_testimonianze,municipio,data_segnalazione
SS-ROM-0001,Lungotevere Aventino,Aventino/Testaccio,verde,1,pista ciclabile presente separata dal traffico,si,4,no,4,I,
SS-ROM-0002,Lungotevere dei Mellini,Prati,nero,5,4 corsie veloci nessuna protezione,no,4,no,1,I,
SS-ROM-0003,Lungotevere della Vittoria,Prati,nero,5,4 corsie veloci nessuna protezione,no,4,no,1,I,
SS-ROM-0004,Lungotevere Marzio,Centro Storico,nero,5,4 corsie veloci nessuna protezione,no,4,no,4,I,
SS-ROM-0005,Lungotevere Castello,Prati,nero,5,4 corsie nessuna protezione,no,4,no,2,I,
SS-ROM-0006,Lungotevere Tor di Nona,Centro Storico,nero,5,4 corsie veloci nessuna protezione,no,4,no,1,I,
SS-ROM-0007,Lungotevere Sanzio,Trastevere,nero,5,4 corsie veloci nessuna protezione,no,4,no,1,I,
SS-ROM-0008,Lungotevere Raffaello Sanzio,Trastevere,nero,5,4 corsie veloci nessuna protezione,no,4,no,1,I,
SS-ROM-0009,Via dei Fori Imperiali (ciclabile),Centro Storico,verde,1,pista ciclabile separata lungo i fori,si,0,no,4,I,
SS-ROM-0010,Viale Trastevere,Trastevere,rosso,4,arteria trafficata 4 corsie nessuna ciclabile,no,4,no,1,I,
SS-ROM-0011,Via Nazionale,Esquilino,rosso,4,arteria trafficata 2-4 corsie nessuna ciclabile doppia fila perenne,no,4,no,6,I,
SS-ROM-0012,Via Merulana,Esquilino/Celio,rosso,4,trafficata 2 corsie nessuna ciclabile,no,2,no,5,I,
SS-ROM-0013,Corso Vittorio Emanuele II,Centro Storico,rosso,4,arteria principale 4 corsie nessuna ciclabile,no,4,no,5,I,2026-06-16
SS-ROM-0014,Via XX Settembre,Castro Pretorio,rosso,4,trafficata 4 corsie nessuna ciclabile,no,4,no,1,I,
SS-ROM-0015,Via Cavour,Esquilino,rosso,4,trafficata 4 corsie nessuna ciclabile,no,4,no,4,I,
SS-ROM-0016,Via Nomentana (tratto urbano),Nomentano,verde,1,arteria radiale trafficata,si,4,no,2,I,
SS-ROM-0017,Via Tiburtina (tratto urbano),Tiburtino,rosso,4,arteria radiale trafficata,no,4,no,1,I,
SS-ROM-0018,Via Prenestina (tratto urbano),Prenestino,verde,1,arteria radiale trafficata,si,4,no,1,I,
SS-ROM-0019,Via Appia Nuova (tratto urbano),Appio,rosso,4,arteria trafficata nessuna ciclabile,no,4,no,1,I,
SS-ROM-0020,Via Cola di Rienzo,Prati,rosso,4,commerciale trafficata 4 corsie,no,4,no,1,I,
SS-ROM-0021,Via del Corso,Centro Storico,blu,2,ZTL pedonale confermata - segnalazione Nikolai,no,2,no,3,I,2026-06-01
SS-ROM-0022,Via Veneto,Ludovisi,rosso,4,trafficata 4 corsie nessuna ciclabile,no,4,no,3,I,
SS-ROM-0023,Via Sistina,Trevi,giallo,3,segnalazione giallo - strada urbana,no,2,no,4,I,2026-06-01
SS-ROM-0024,Via Tritone,Trevi,rosso,4,trafficata 4 corsie nessuna ciclabile,no,4,no,1,I,
SS-ROM-0025,Via Barberini,Trevi,rosso,4,trafficata 2 corsie nessuna ciclabile,no,2,no,3,I,
SS-ROM-0026,Via delle Quattro Fontane,Trevi,rosso,4,trafficata 2 corsie nessuna ciclabile,no,2,no,1,I,
SS-ROM-0027,Via Arenula,Centro Storico,rosso,4,arteria 4 corsie nessuna ciclabile,no,4,no,5,I,
SS-ROM-0028,Via del Plebiscito,Centro Storico,rosso,4,trafficata nessuna ciclabile,no,4,no,4,I,
SS-ROM-0029,Piazza Venezia (confluenza),Centro Storico,rosso,4,hub traffico nessuna protezione ciclisti,no,0,no,4,I,
SS-ROM-0030,Via dei Fori Imperiali,Centro Storico,giallo,3,lavori appena terminati ciclabile dipinta ma velocita auto troppo alta - segnalazione @hyperpigno,si,4,no,4,I,
SS-ROM-0031,Via del Teatro di Marcello,Centro Storico,rosso,4,trafficata curva pericolosa,no,2,no,4,I,
SS-ROM-0032,Viale delle Milizie,Prati,rosso,4,4 corsie trafficata nessuna ciclabile,no,4,no,2,I,2026-06-16
SS-ROM-0033,Via Candia,Prati,giallo,3,strada urbana senso unico traffico medio,no,2,si,2,I,
SS-ROM-0034,Via Crescenzio,Prati,giallo,3,strada urbana 2 corsie traffico contenuto,no,2,no,4,I,2026-06-16
SS-ROM-0035,Via Germanico,Prati,giallo,3,senso unico residenziale,no,1,si,2,I,
SS-ROM-0036,Via Fabio Massimo,Prati,giallo,3,senso unico residenziale Prati,no,1,si,1,I,
SS-ROM-0037,Via Tacito,Prati,giallo,3,senso unico residenziale Prati,no,1,si,1,I,
SS-ROM-0038,Via Celimontana,Celio,giallo,3,strada tranquilla vicino parco,no,2,no,4,I,
SS-ROM-0039,Via della Navicella,Celio,giallo,3,strada tranquilla residenziale,no,1,si,2,I,
SS-ROM-0040,Via Claudia,Celio,giallo,3,traffico contenuto senso unico,no,1,si,2,I,
SS-ROM-0041,Via Madonna dei Monti,Rione Monti,giallo,3,senso unico Monti trafficata ma contenuta,no,1,si,2,I,
SS-ROM-0042,Via Panisperna,Rione Monti,giallo,3,senso unico storico traffico contenuto,no,1,si,1,I,
SS-ROM-0043,Via del Boschetto,Rione Monti,giallo,3,senso unico residenziale Monti,no,1,si,1,I,
SS-ROM-0044,Via Urbana,Rione Monti,giallo,3,senso unico residenziale Monti,no,1,si,2,I,
SS-ROM-0045,Via Leonina,Rione Monti,giallo,3,senso unico Monti traffico contenuto,no,1,si,1,I,
SS-ROM-0046,Via della Lungaretta,Trastevere,giallo,3,senso unico Trastevere traffico contenuto,no,1,si,1,I,
SS-ROM-0047,Via della Scala,Trastevere,giallo,3,senso unico Trastevere,no,1,si,2,I,
SS-ROM-0048,Via San Francesco a Ripa,Trastevere,giallo,3,2 corsie traffico contenuto,no,2,no,1,I,
SS-ROM-0049,Via Garibaldi,Trastevere/Gianicolo,blu,2,ZTL - segnalazione sentinella,no,2,no,3,I,2026-06-02
SS-ROM-0050,Via della Lungara,Trastevere,giallo,3,2 corsie traffico contenuto lungo mura,no,2,no,2,I,
SS-ROM-0051,Via Giulia,Centro Storico,giallo,3,storica traffico contenuto,no,2,no,3,I,
SS-ROM-0052,Via dei Banchi Vecchi,Centro Storico,giallo,3,senso unico storico,no,1,si,2,I,
SS-ROM-0053,Via del Governo Vecchio,Centro Storico,giallo,3,senso unico storico traffico contenuto,no,1,si,2,I,2026-06-16
SS-ROM-0054,Via della Conciliazione,Borgo,giallo,3,larga ma traffico parzialmente controllato,no,4,no,4,I,
SS-ROM-0055,Via Angelo Emo,Prati,giallo,3,senso unico residenziale,no,1,si,2,I,
SS-ROM-0056,Via Gregorio VII,Aurelio,giallo,3,trafficata ma senso unico tratti,no,2,no,3,I,
SS-ROM-0057,Via Aurelia (tratto urbano),Aurelio,rosso,4,arteria radiale trafficata,no,4,no,1,I,
SS-ROM-0058,Via di Porta Cavalleggeri,Borgo,giallo,3,strada secondaria borgo vaticano,no,1,si,2,I,
SS-ROM-0059,Viale Aventino,Aventino,verde,1,pista ciclabile separata presente,si,4,no,1,I,
SS-ROM-0060,Ciclabile Testaccio (Via Marmorata/area),Testaccio,verde,1,pista ciclabile area Testaccio,si,0,no,3,I,
SS-ROM-0061,Lungotevere ciclabile (tratto Villa Borghese),Flaminio,verde,1,pista ciclabile separata lungo il Tevere,si,0,no,2,I,
SS-ROM-0060,Lungotevere ciclabile (tratto Aventino-Ostiense),Testaccio,verde,1,pista ciclabile separata,si,0,no,4,I,
SS-ROM-0061,Pista ciclabile Villa Borghese,Flaminio/Parioli,verde,1,percorso ciclabile interno al parco,si,0,no,3,I,
SS-ROM-0062,Viale delle Terme di Caracalla (ciclabile),Aventino,verde,1,pista ciclabile present,si,0,no,2,I,
SS-ROM-0063,Piazza Navona,Centro Storico,blu,2,ZTL pedonale alto flusso turisti,no,0,no,3,I,
SS-ROM-0064,Campo de' Fiori,Centro Storico,blu,2,ZTL pedonale mercato mattina,no,0,no,1,I,
SS-ROM-0065,Via del Pantheon,Centro Storico,blu,2,ZTL alto flusso pedonale turistico,no,1,si,4,I,
SS-ROM-0066,Via della Rotonda,Centro Storico,blu,2,ZTL vicoletto alto flusso pedoni,no,1,si,1,I,
SS-ROM-0067,Vicolo del Cinque,Trastevere,blu,2,vicoletto ZTL alto flusso pedoni sera,no,1,si,1,I,
SS-ROM-0068,Piazza di Spagna (vicinanze),Trevi,blu,2,ZTL flusso pedonale molto alto,no,0,no,5,I,
SS-ROM-0069,Via Condotti,Trevi,blu,2,ZTL pedonale shopping lusso,no,1,no,1,I,
SS-ROM-0070,Via della Croce,Trevi,blu,2,ZTL pedonale traffico misto,no,1,si,2,I,
SS-ROM-0071,Via del Babuino,Trevi/Flaminio,blu,2,ZTL confermata - segnalazione Nikolai,no,1,si,3,I,2026-06-16
SS-ROM-0072,Via Margutta,Flaminio,blu,2,strada privata/residenziale quasi pedonale,no,1,no,1,I,
SS-ROM-0073,Via della Pace,Centro Storico,blu,2,vicoletto ZTL flusso pedonale,no,1,si,1,I,
SS-ROM-0074,Via del Governo Vecchio,Centro Storico,blu,2,vicoletto storico pedonale misto,no,1,si,4,I,2026-06-16
SS-ROM-0075,Vicolo della Moretta,Centro Storico,blu,2,vicoletto ZTL centro,no,1,si,2,I,
SS-ROM-0076,Via della Stelletta,Centro Storico,blu,2,vicoletto ZTL centro,no,1,si,2,I,
SS-ROM-0077,Piazza Farnese,Centro Storico,blu,2,ZTL pedonale quasi completo,no,0,no,4,I,
SS-ROM-0078,Via Giulia (tratto centrale),Centro Storico,blu,2,ZTL traffico quasi assente,no,1,no,2,I,
SS-ROM-0079,Via del Portico d'Ottavia,Ghetto,blu,2,ZTL area ebraica flusso pedonale,no,1,no,1,I,
SS-ROM-0080,Via Santa Maria in Trastevere,Trastevere,blu,2,ZTL piazza pedonale turistica,no,0,no,2,I,
SS-ROM-0083,Viale Parioli,Parioli,rosso,4,arteria trafficata 4 corsie con tratto ciclabile parziale,si,4,no,1,II,
SS-ROM-0084,Viale Liegi,Parioli,rosso,4,arteria trafficata 4 corsie nessuna ciclabile,no,4,no,1,II,
SS-ROM-0085,Viale Gorizia,Parioli,rosso,4,arteria trafficata nessuna ciclabile,no,4,no,1,II,
SS-ROM-0086,Viale Eritrea,Parioli,rosso,4,arteria trafficata 4 corsie nessuna ciclabile,no,4,no,1,II,
SS-ROM-0087,Via Salaria (tratto urbano),Salario,rosso,4,arteria radiale trafficata nessuna ciclabile,no,4,no,2,II,2026-06-16
SS-ROM-0088,Viale delle Belle Arti,Flaminio,verde-giallo,2,ciclabile presente sul marciapiede ma inadeguata,si,4,no,1,II,
SS-ROM-0089,Lungotevere Flaminio,Flaminio,verde-giallo,2,ciclabile sul marciapiede inadeguata e discontinua,si,4,no,1,II,
SS-ROM-0090,Lungotevere Arnaldo da Brescia,Flaminio,nero,5,4 corsie veloci nessuna protezione,no,4,no,1,II,
SS-ROM-0091,Lungotevere Maresciallo Diaz,Prati/Flaminio,nero,5,4 corsie veloci nessuna protezione,no,4,no,1,II,
SS-ROM-0092,Via Flaminia (tratto urbano),Flaminio,rosso,4,arteria radiale trafficata nessuna ciclabile,no,4,no,1,II,
SS-ROM-0093,Viale Tiziano,Flaminio,rosso,4,arteria sportiva trafficata nessuna ciclabile - confermato @metaiyo,no,4,no,2,II,
SS-ROM-0094,Viale Maresciallo Pilsudski,Parioli,rosso,4,arteria trafficata nessuna ciclabile,no,4,no,1,II,
SS-ROM-0095,Via Po,Salario,rosso,4,trafficata 2 corsie nessuna ciclabile,no,2,no,1,II,
SS-ROM-0096,Via Tagliamento,Salario,rosso,4,trafficata 2 corsie nessuna ciclabile,no,2,no,1,II,
SS-ROM-0097,Via Nomentana (tratto Mun II),Nomentano,rosso,4,arteria radiale trafficata,no,4,no,2,II,2026-06-16
SS-ROM-0098,Corso Trieste,Trieste,rosso,4,arteria trafficata 4 corsie nessuna ciclabile,no,4,no,1,II,
SS-ROM-0099,Via Tevere,Salario,giallo,3,strada urbana 2 corsie traffico contenuto,no,2,no,1,II,
SS-ROM-0100,Via Brenta,Salario,giallo,3,strada urbana traffico contenuto,no,2,no,1,II,
SS-ROM-0101,Via Adige,Salario,giallo,3,strada urbana senso unico traffico contenuto,no,1,si,1,II,
SS-ROM-0102,Via Arno,Salario,giallo,3,senso unico residenziale traffico contenuto,no,1,si,1,II,
SS-ROM-0103,Via Sebino,Salario,giallo,3,senso unico residenziale,no,1,si,1,II,
SS-ROM-0104,Via Lario,Salario,giallo,3,senso unico residenziale,no,1,si,1,II,
SS-ROM-0105,Via Dora,Salario,giallo,3,senso unico residenziale traffico contenuto,no,1,si,1,II,
SS-ROM-0106,Via Rubicone,Salario,giallo,3,senso unico residenziale,no,1,si,1,II,
SS-ROM-0107,Via Isonzo,Salario,giallo,3,strada urbana traffico contenuto,no,2,no,1,II,
SS-ROM-0108,Via Piave,Salario,giallo,3,strada urbana traffico medio,no,2,no,1,II,
SS-ROM-0109,Viale Romania,Parioli,giallo,3,viale residenziale traffico contenuto,no,2,no,1,II,
SS-ROM-0110,Viale Pola,Parioli,giallo,3,viale residenziale senso unico,no,1,si,1,II,
SS-ROM-0111,Via Mercadante,Parioli,giallo,3,senso unico residenziale Parioli,no,1,si,1,II,
SS-ROM-0112,Via Paisiello,Parioli,giallo,3,senso unico residenziale Parioli,no,1,si,1,II,
SS-ROM-0113,Via Spontini,Parioli,giallo,3,senso unico residenziale Parioli,no,1,si,1,II,
SS-ROM-0114,Via Bellini,Parioli,giallo,3,senso unico residenziale Parioli,no,1,si,1,II,
SS-ROM-0115,Via Donizetti,Parioli,giallo,3,senso unico residenziale Parioli,no,1,si,1,II,
SS-ROM-0116,Via Giuseppe Pisanelli,Parioli,rosso,4,arteria trafficata - segnalazione sentinella,no,2,no,2,II,2026-06-16
SS-ROM-0117,Via Antonio Bosio,Parioli,giallo,3,senso unico residenziale,no,1,si,1,II,
SS-ROM-0118,Via Panama,Parioli,giallo,3,strada residenziale traffico contenuto,no,2,no,1,II,
SS-ROM-0119,Via Prati Fiscali,Trionfale,giallo,3,strada urbana traffico contenuto,no,2,no,2,II,2026-06-16
SS-ROM-0120,Via dei Campi Sportivi,Flaminio,giallo,3,strada secondaria area sportiva,no,2,no,1,II,
SS-ROM-0121,Via Reni,Flaminio,giallo,3,senso unico area Flaminio,no,1,si,1,II,
SS-ROM-0122,Via Masaccio,Flaminio,giallo,3,senso unico residenziale Flaminio,no,1,si,1,II,
SS-ROM-0123,Villa Borghese (percorsi interni),Flaminio/Parioli,verde-blu,1,bike friendly ma alto flusso pedonale,si,0,no,2,II,
SS-ROM-0124,Villa Ada (percorsi interni),Salario,verde-blu,1,bike friendly ma alto flusso pedonale nei weekend,si,0,no,2,II,
SS-ROM-0125,Parco della Rimembranza,Flaminio,verde-blu,2,area verde bike friendly con pedoni,si,0,no,1,II,
SS-ROM-0126,Ciclabile Lungotevere Villa Borghese,Flaminio,verde,1,pista ciclabile separata lungo il Tevere,si,0,no,2,II,
SS-ROM-0127,Via del Vignola,Flaminio,giallo,3,senso unico tranquillo area Flaminio,no,1,si,2,II,
SS-ROM-0128,Piazza Ungheria,Parioli,blu,2,piazza ZTL bassa velocità alto flusso pedoni,no,0,no,1,II,
SS-ROM-0129,Piazza Euclide,Parioli,blu,2,piazza ZTL bassa velocità,no,0,no,1,II,
SS-ROM-0130,Via Antonelli,Parioli,giallo,3,senso unico residenziale,no,1,si,1,II,
SS-ROM-0131,Via Mangili,Parioli,giallo,3,senso unico residenziale Parioli,no,1,si,1,II,
SS-ROM-0132,Viale Bruno Buozzi,Parioli,giallo,3,segnalazione giallo - strada urbana tranquilla,no,4,no,4,II,2026-06-01
SS-ROM-0133,Via Lima,Trieste,giallo,3,strada urbana traffico contenuto,no,2,no,1,II,
SS-ROM-0134,Via Reggio Calabria,Trieste,giallo,3,senso unico residenziale,no,1,si,1,II,
SS-ROM-0135,Via Alessandria,Trieste,rosso,4,trafficata 2 corsie nessuna ciclabile,no,2,no,1,II,
SS-ROM-0136,Viale Regina Margherita,Trieste,rosso,4,arteria trafficata 4 corsie nessuna ciclabile,no,4,no,1,II,
SS-ROM-0137,Viale Jonio,Montesacro,verde,1,ciclabile presente - aggiornamento segnalazione,si,4,no,2,III,
SS-ROM-0138,Via Nomentana (tratto con ciclabile),Montesacro,verde,1,ciclabile presente su tratto specifico,si,4,no,3,III,2026-06-16
SS-ROM-0139,Via Nomentana (tratto senza ciclabile),Tufello/Val Melaina,rosso,4,arteria trafficata tratto senza ciclabile,no,4,no,1,III,
SS-ROM-0140,Via Salaria (tratto Mun III),Fidene,rosso,4,arteria radiale trafficata nessuna ciclabile,no,4,no,3,III,2026-06-16
SS-ROM-0141,Via dei Prati Fiscali,Tufello,verde,1,pista ciclabile presente,si,2,no,4,III,2026-06-16
SS-ROM-0142,Via Ugo Ojetti,Montesacro,rosso,4,2 corsie trafficata nessuna ciclabile,no,2,no,2,III,
SS-ROM-0143,Via Val Melaina,Val Melaina,rosso,4,arteria trafficata nessuna ciclabile,no,4,no,1,III,
SS-ROM-0144,Via Capraia,Tufello,giallo,3,strada residenziale traffico contenuto,no,2,no,1,III,
SS-ROM-0145,Via Grotte di Gregna,Val Melaina,giallo,3,strada residenziale senso unico,no,1,si,1,III,
SS-ROM-0146,Via Amatrice,Tufello,giallo,3,senso unico residenziale,no,1,si,1,III,
SS-ROM-0147,Via Contigliano,Tufello,giallo,3,senso unico residenziale traffico contenuto,no,1,si,1,III,
SS-ROM-0148,Via Monterotondo,Montesacro,giallo,3,strada urbana traffico contenuto,no,2,no,1,III,
SS-ROM-0149,Via Passo Corese,Montesacro,giallo,3,senso unico residenziale,no,1,si,1,III,
SS-ROM-0150,Via Monte Cervialto,Montesacro,verde,1,strada residenziale tranquilla traffico locale scarso - aggiornamento anonimo,no,2,no,2,III,
SS-ROM-0151,Via Monte Giberto,Montesacro,rosso,4,trafficata nessuna ciclabile - aggiornamento,no,2,no,2,III,
SS-ROM-0152,Via Monte Ruggero,Montesacro,giallo,3,senso unico residenziale,no,1,si,1,III,
SS-ROM-0153,Via Monte Cervino,Montesacro,giallo,3,strada residenziale traffico contenuto,no,2,no,1,III,
SS-ROM-0154,Via Monte Velino,Montesacro,giallo,3,senso unico residenziale,no,1,si,1,III,
SS-ROM-0155,Via Arseoli,Montesacro,giallo,3,senso unico residenziale,no,1,si,1,III,
SS-ROM-0156,Via Cures Sabini,Montesacro,giallo,3,senso unico residenziale,no,1,si,1,III,
SS-ROM-0157,Via Cantalupo Sabino,Montesacro,giallo,3,senso unico residenziale,no,1,si,1,III,
SS-ROM-0158,Via Farfa,Montesacro,giallo,3,strada residenziale tranquilla,no,2,no,1,III,
SS-ROM-0159,Via Poggio Mirteto,Montesacro,giallo,3,senso unico residenziale,no,1,si,1,III,
SS-ROM-0160,Via Leonzio Pilato,Montesacro,giallo,3,senso unico residenziale,no,1,si,1,III,
SS-ROM-0161,Via Conca d'Oro,Tufello,rosso,4,trafficata 2 corsie nessuna ciclabile,no,2,no,2,III,
SS-ROM-0162,Via Cagliari,Tufello,giallo,3,strada urbana traffico contenuto,no,2,no,1,III,
SS-ROM-0163,Via Palermo,Tufello,giallo,3,senso unico residenziale,no,1,si,1,III,
SS-ROM-0164,Via Catanzaro,Tufello,giallo,3,senso unico residenziale,no,1,si,1,III,
SS-ROM-0165,Via Potenza,Tufello,giallo,3,senso unico residenziale,no,1,si,1,III,
SS-ROM-0166,Via Reggio Emilia,Tufello,giallo,3,strada urbana traffico contenuto,no,2,no,1,III,
SS-ROM-0167,Via Vibo Valentia,Tufello,giallo,3,senso unico residenziale,no,1,si,1,III,
SS-ROM-0168,Via Lodi,Tufello,giallo,3,senso unico residenziale,no,1,si,1,III,
SS-ROM-0169,Via Cremona,Tufello,giallo,3,senso unico residenziale,no,1,si,2,III,2026-06-16
SS-ROM-0170,Via Brescia,Tufello,giallo,3,senso unico residenziale,no,1,si,1,III,
SS-ROM-0171,Via Mantova,Tufello,giallo,3,senso unico residenziale,no,1,si,1,III,
SS-ROM-0172,Via dei Monti Tiburtini,Fidene,rosso,4,arteria trafficata nessuna ciclabile,no,4,no,1,III,
SS-ROM-0173,Via Fidene,Fidene,giallo,3,strada urbana periferica traffico contenuto,no,2,no,1,III,
SS-ROM-0174,Via Castel Giubileo,Fidene,giallo,3,strada periferica traffico contenuto,no,2,no,1,III,
SS-ROM-0175,Via Settebagni,Settebagni,giallo,3,strada periferica traffico limitato,no,2,no,1,III,
SS-ROM-0176,Via di Casal Boccone,Val Melaina,giallo,3,strada periferica residenziale,no,2,no,1,III,
SS-ROM-0177,Via Sacco Pastore,Tufello,rosso,4,trafficata 2 corsie nessuna ciclabile,no,2,no,1,III,
SS-ROM-0178,Viale Adriatico,Montesacro,rosso,4,arteria trafficata 4 corsie nessuna ciclabile,no,4,no,2,III,
SS-ROM-0179,Viale Tirreno,Montesacro,rosso,4,arteria trafficata 4 corsie nessuna ciclabile,no,4,no,4,III,2026-06-16
SS-ROM-0180,Via Arlanda,Montesacro,giallo,3,strada residenziale tranquilla,no,2,no,1,III,
SS-ROM-0181,Via Gargano,Montesacro,giallo,3,senso unico residenziale,no,1,si,1,III,
SS-ROM-0182,Via del Casale di San Basilio,Val Melaina,giallo,3,strada periferica traffico limitato,no,2,no,1,III,
SS-ROM-0183,Parco delle Sabine (percorsi),Montesacro,verde-blu,1,area verde bike friendly con pedoni,si,0,no,1,III,
SS-ROM-0184,Viale America,EUR,rosso,4,arteria trafficata EUR nessuna ciclabile,no,4,no,1,IX,
SS-ROM-0185,Via delle Tre Fontane,EUR,rosso,4,trafficata nessuna ciclabile,no,2,no,1,IX,
SS-ROM-0186,Viale Artigianato,EUR,giallo,3,strada secondaria EUR traffico contenuto,no,2,no,1,IX,
SS-ROM-0187,Via Laurentina (Tre Fontane-Colombo),EUR,verde,1,ciclabile presente su questo tratto,si,4,no,1,IX,
SS-ROM-0188,Viale Marconi,Marconi,nero,5,multicarreggiata ad alta velocita pericolosissimo,no,4,no,1,XI,
SS-ROM-0189,Lungotevere degli Inventori,Marconi,verde,1,ciclabile presente lungo il Tevere,si,0,no,2,XI,
SS-ROM-0190,Via Grimaldi,Marconi,nero,5,multicarreggiata pericolosissima,no,4,no,1,XI,
SS-ROM-0191,Via Quirino Majorana,Marconi,nero,5,multicarreggiata con cavalcavia pericolosissimo,no,4,no,1,XI,
SS-ROM-0192,Viale dei Quattro Venti,Monteverde,rosso,4,arteria trafficata nessuna ciclabile,no,4,no,1,XII,
SS-ROM-0193,Circonvallazione Gianicolense,Monteverde,rosso,4,arteria trafficata nessuna ciclabile doppia fila traffico veloce,no,4,no,3,XII,2026-06-13
SS-ROM-0194,Via Barrili,Monteverde Vecchio,giallo,3,strada residenziale tranquilla,no,2,no,1,XII,
SS-ROM-0195,Via Carini,Monteverde Vecchio,giallo,3,strada residenziale tranquilla,no,1,si,1,XII,
SS-ROM-0196,Via Poerio,Monteverde Vecchio,giallo,3,strada residenziale senso unico,no,1,si,1,XII,
SS-ROM-0197,Via della Magliana,Magliana,verde,1,ciclabile presente,si,2,no,1,XI,
SS-ROM-0198,Viale Egeo,EUR,verde,1,ciclabile presente EUR,si,4,no,1,IX,
SS-ROM-0199,Via dell Oceano Indiano,EUR,verde,1,ciclabile presente EUR,si,2,no,1,IX,
SS-ROM-0200,Via Nomentana (ciclabile confermata),Nomentano,verde,1,ciclabile confermata da Sentinella,si,4,no,3,II,2026-06-16
SS-ROM-0201,Corso d Italia (Porta Pia - P.za Fiume),Salario,rosso,4,arteria trafficata nessuna ciclabile,no,4,no,1,II,
SS-ROM-0202,Villa Borghese (percorsi interni),Flaminio,verde,1,percorsi ciclabili interni bike friendly confermati,si,0,no,2,II,
SS-ROM-0203,Viale Regina Elena,Policlinico,rosso,4,rettilineo con tendenza al traffico veloce - segnalazione @metaiyo,no,4,no,1,II,
SS-ROM-0204,Via Tiburtina (tratto San Lorenzo),San Lorenzo,giallo,3,strada stretta traffico lento - segnalazione @metaiyo,no,2,no,1,II,
SS-ROM-0205,Circonvallazione Tiburtina,San Lorenzo/Verano,nero,5,accesso vietato alle bici multicarreggiata - segnalazione @metaiyo,no,4,no,1,II,
SS-ROM-0206,Via di Santa Bibiana,Castro Pretorio,rosso,4,breve ma con traffico veloce - segnalazione @metaiyo,no,2,no,1,I,
SS-ROM-0207,Via di Porta Maggiore,Esquilino,rosso,4,strada trafficata con molte auto in doppia fila - segnalazione @hyperpigno,no,2,no,2,I,2026-06-08
SS-ROM-0208,Via Prenestina (tratto Mun V),Prenestino,rosso,4,corsia ciclabile spesso invasa da auto parcheggiate - segnalazione @hyperpigno,si,4,no,1,V,
SS-ROM-0209,Via Erasmo Gattamelata,Prenestino,giallo,3,senso unico senza ciclabile poco traffico fuori ore di punta - segnalazione @hyperpigno,no,1,si,1,V,
SS-ROM-0210,Ciclabile della Piramide Cestia,Ostiense/Testaccio,verde,1,ciclabile confermata - segnalazione @Sim1_71,si,0,no,1,I,
SS-ROM-0211,Via Sampiero di Bastelica,Prenestino,giallo,3,senso unico abbastanza trafficata nelle ore di punta ma gestibile - segnalazione @hyperpigno,no,1,si,1,V,
SS-ROM-0212,Via Laurentina (tratto Vigna Murata),Vigna Murata,rosso,4,traffico velocissimo quasi autostrada - segnalazione @metaiyo,no,4,no,1,IX,
SS-ROM-0213,Via Flaminia (tratto Tor di Quinto),Tor di Quinto,rosso,4,traffico veloce quasi autostrada marciapiede stretto e discontinuo - segnalazione @metaiyo,no,4,no,1,XV,
SS-ROM-0214,Via Alfonso Torelli,Tiburtino,rosso,4,invoglia alla guida veloce - segnalazione @metaiyo,no,2,no,1,IV,
SS-ROM-0215,Via di Portonaccio,Prenestino,rosso,4,strada larga no pista no corsia preferenziale - segnalazione @metaiyo,no,4,no,1,V,
SS-ROM-0216,Via del Mandrione,Tuscolano/Pigneto,blu,2,strada principalmente chiusa al traffico poco frequentata - segnalazione @metaiyo,no,1,no,1,VII,
SS-ROM-0217,Via di Centocelle,Quadraro,rosso,4,strada larga invoglia alla guida veloce no ciclabile - segnalazione @metaiyo,no,4,no,1,VII,
SS-ROM-0218,Via di Porta Furba,Tuscolano,rosso,4,strada stretta doppio senso no marciapiedi no piste invoglia alla velocita - segnalazione @metaiyo,no,2,no,1,VII,
SS-ROM-0219,Via di Tor Carbone,Quarto Miglio/Vigna Murata,rosso,4,no marciapiede no pista no lampioni invoglia alla guida veloce - segnalazione @metaiyo,no,2,no,1,VIII,
SS-ROM-0220,Via di Grotta Perfetta,Ardeatino,rosso,4,ciclabile che scompare nel traffico incrocio con Erminio Spalla pericoloso - segnalazione @mascarponsca,si,2,no,1,VIII,
SS-ROM-0221,Via della Moletta,Ostiense,giallo,3,traffico locale scarso - segnalazione @Sim1_71,no,2,no,2,VIII,2026-06-16
SS-ROM-0222,Piazza Attilio Pecile,Ostiense,verde,1,traffico locale piazza adibita a parcheggio - segnalazione @Sim1_71,no,0,no,1,VIII,
SS-ROM-0223,Via Ciriaco d'Ancona,Ostiense,verde,1,strada locale traffico quasi nullo - segnalazione @Sim1_71,no,1,no,1,VIII,
SS-ROM-0224,Via Girolamo Benzoni,Ostiense,giallo,3,traffico locale - segnalazione @Sim1_71,no,1,no,1,VIII,
SS-ROM-0225,Via Gaetano Casati,Ostiense,verde,1,strada privata senza uscita traffico locale - segnalazione @Sim1_71,no,1,no,1,VIII,
SS-ROM-0226,Via Prospero Alpino,Ostiense,verde,1,ciclabile presente - segnalazione @Sim-1,no,2,no,2,VIII,2026-06-16
SS-ROM-0227,Circonvallazione Ostiense,Ostiense,rosso,4,traffico intenso molte intersezioni - segnalazione @Sim1_71,no,4,no,1,VIII,
SS-ROM-0228,Via di Santa Galla,Ostiense,giallo,3,traffico locale - segnalazione @Sim1_71,no,2,no,2,VIII,2026-06-16
SS-ROM-0229,Piazza Giovanni da Verrazzano,Ostiense,giallo,3,traffico locale - segnalazione @Sim1_71,no,0,no,2,VIII,2026-06-16
SS-ROM-0230,Via Capitan Bavastro,Ostiense,giallo,3,traffico locale - segnalazione @Sim1_71,no,2,no,2,VIII,2026-06-16
SS-ROM-0231,Via Cristoforo Colombo (lato centro ciclabile),Ostiense,verde,1,ciclabile su marciapiede lato direzione centro - segnalazione @Sim1_71,si,0,si,1,I,
SS-ROM-0232,Via Cristoforo Colombo (lato EUR),Ostiense,nero,5,traffico intenso e veloce lato direzione EUR - segnalazione @Sim1_71,no,4,si,1,I,
SS-ROM-0233,Piazzale Numa Pompilio,Celio,nero,5,molte corsie flussi veicolari intensi che si intersecano - segnalazione @Sim1_71,no,4,no,1,I,
SS-ROM-0234,Via Druso,Celio,rosso,4,traffico intenso - segnalazione @Sim1_71,no,2,no,1,I,
SS-ROM-0235,Piazza di Porta Metronia,Celio,rosso,4,traffico intenso - segnalazione @Sim1_71,no,0,no,1,I,
SS-ROM-0236,Via dell'Amba Aradam,Celio,rosso,4,traffico intenso - segnalazione @Sim1_71,no,4,no,1,I,
SS-ROM-0237,Piazza di San Giovanni in Laterano,San Giovanni,nero,5,molti flussi veicolari che si incrociano - segnalazione @Sim1_71,no,0,no,1,I,
SS-ROM-0238,Via Emanuele Filiberto,San Giovanni,rosso,4,traffico intenso,no,4,no,4,I,
SS-ROM-0239,Via Statilia,Esquilino,rosso,4,traffico intenso - segnalazione @Sim1_71,no,2,no,1,I,
SS-ROM-0240,Piazza di Porta Maggiore,Esquilino,nero,5,molti flussi veicolari veloci che si incrociano,no,0,no,2,I,
SS-ROM-0241,Viale dello Scalo San Lorenzo (tratto ciclabile),Tiburtino,giallo,3,breve tratto ciclabile non separata direzione Porta Maggiore - segnalazione @Sim1_71,si,2,si,1,IV,
SS-ROM-0242,Viale dello Scalo San Lorenzo (tratto trafficato),San Lorenzo,rosso,4,strada molto trafficata ciclabile inizia piu avanti - segnalazione @Sim1_71,no,4,no,1,II,
SS-ROM-0243,Via dei Reti,San Lorenzo,giallo,3,traffico scarso presenza binari tram - segnalazione @Sim1_71,no,2,no,1,II,
SS-ROM-0244,Piazzale del Verano (ingresso cimitero),San Lorenzo,giallo,3,scarsa viabilita locale davanti ingresso cimitero monumentale - segnalazione @Sim1_71,no,0,no,1,II,
SS-ROM-0245,Piazzale del Verano (svincolo),San Lorenzo,nero,5,molti flussi veicolari veloci che si incrociano - segnalazione @Sim1_71,no,4,no,1,II,
SS-ROM-0246,Via Tiburtina (ciclabile cancellata lavori),Nomentano/San Lorenzo,rosso,4,traffico veloce ciclabile cancellata per lavori tramvia - segnalazione @Sim1_71,no,4,no,2,II,
SS-ROM-0247,Viale Altiero Spinelli,Tiburtino,giallo,3,traffico locale,no,2,no,1,IV,
SS-ROM-0248,Circonvallazione della Stazione Tiburtina,Tiburtino,nero,5,svincoli velocita elevate - segnalazione @Sim1_71,no,4,no,2,IV,
SS-ROM-0249,Viale dei Cavalieri di Vittorio Veneto,Villa Borghese,nero,5,trappola mortale - segnalazione @metaiyo,no,4,no,1,I,
SS-ROM-0250,Via della Pineta Sacchetti,Monte Mario,giallo,3,ciclabile presente ma al centro della carreggiata poco utile ne attrattiva - segnalazione @metaiyo,si,2,no,1,XIV,
SS-ROM-0251,Via Gregorio Settimo,Aurelio,verde,1,ciclabile stretta ma presente non protetta da cordoli - segnalazione @metaiyo,si,2,no,1,XIII,
SS-ROM-0252,Via Anastasio Secondo,Valle Aurelia,nero,5,trappola mortale no marciapiede no ciclabile no preferenziale - segnalazione @metaiyo,no,2,no,1,XIII,
SS-ROM-0253,Viale Pico della Mirandola,Montagnola,rosso,4,rettilineo a scorrimento veloce no ciclabile - segnalazione @metaiyo,no,4,no,1,VIII,
SS-ROM-0254,Via Cristoforo Colombo (EUR autostrada urbana),EUR,nero,5,autostrada urbana no marciapiede no pista no corsia preferenziale - segnalazione @metaiyo,no,6,no,1,IX,
SS-ROM-0255,Via Cristoforo Colombo (EUR marciapiede),EUR,giallo,3,passaggio possibile solo su marciapiede - segnalazione @metaiyo,no,0,no,1,IX,
SS-ROM-0256,Via Ardeatina,Ardeatino,rosso,4,rettilineo largo traffico veloce - segnalazione @metaiyo,no,4,no,1,VIII,
SS-ROM-0257,Via del Mare,Ostiense,rosso,4,strada piccola ma con tendenza a traffico veloce - segnalazione @metaiyo,no,2,no,1,VIII,
SS-ROM-0258,Via Portuense (tratto Portuense),Portuense,rosso,4,strada larga traffico veloce - segnalazione @metaiyo,no,4,no,1,XI,
SS-ROM-0259,Via Portuense (tratto Trullo),Trullo,nero,5,trappola mortale separa Trullo da Portuense - segnalazione @metaiyo,no,4,no,1,XII,
SS-ROM-0260,Corso di Francia,Parioli,nero,5,trappola mortale - segnalazione @metaiyo,no,6,no,1,II,
SS-ROM-0261,Viale del Muro Torto,Pinciano,nero,5,trappola mortale,no,4,no,2,II,
SS-ROM-0262,Piazzale delle Provincie,Nomentano,rosso,4,piazza trafficata caotica - segnalazione @metaiyo,no,0,no,2,II,2026-06-16
SS-ROM-0263,Piazzale Aldo Moro,Nomentano,rosso,4,arteria trafficata nessuna ciclabile - segnalazione Nikolai Fissenko,no,4,no,1,II,
SS-ROM-0264,Via di San Gregorio (tratto Circo Massimo-Via Labicana),Aventino,rosso,4,ciclabile assente traffico intenso e veloce - segnalazione @Sim1_71,no,4,no,1,I,
SS-ROM-0265,Via di San Gregorio (lato Fori ciclabile),Aventino,verde,1,ciclabile presente su marciapiede - segnalazione @Sim1_71,si,0,no,1,I,
SS-ROM-0266,Piazza di Porta Capena,Aventino,rosso,4,ciclabile cancellata molti flussi veicolari intersecanti - segnalazione @Sim1_71,no,0,no,1,I,
SS-ROM-0267,Viale della Piramide Cestia,Ostiense,verde,1,pista ciclabile presente - segnalazione @Sim1_71,si,0,no,1,I,
SS-ROM-0268,Piazza di Porta San Paolo,Ostiense,nero,5,molti flussi veicolari intersecanti anche se presente ciclabile - segnalazione @Sim1_71,si,0,no,1,I,
SS-ROM-0269,Via Ostiense (tratto Porto Fluviale-Piazzale Ostiense),Ostiense,rosso,4,traffico intenso nessuna ciclabile - segnalazione @Sim1_71,no,4,no,1,VIII,
SS-ROM-0270,Via Pellegrino Matteucci,Ostiense,giallo,3,strada urbana traffico contenuto - segnalazione @Sim1_71,no,2,no,2,VIII,2026-06-16
SS-ROM-0271,Via dei Latini,Nomentano,giallo,3,strada urbana traffico contenuto - segnalazione Nikolai.fissenko,no,2,no,1,II,
SS-ROM-0272,Via dei Marsi,Nomentano,giallo,3,strada urbana traffico contenuto - segnalazione Nikolai.fissenko,no,2,no,1,II,
SS-ROM-0273,Via Giovanni Battista Tiepolo,Flaminio,giallo,3,traffico locale - segnalazione @Sim1_71,no,2,no,1,II,
SS-ROM-0274,Via Antonio Allegri da Correggio,Flaminio,giallo,3,traffico locale - segnalazione @Sim1_71,no,2,no,1,II,
SS-ROM-0275,Ponte della Musica Armando Trovajoli,Flaminio,blu,2,ponte ciclopedonale - segnalazione @Sim1_71,no,0,no,2,II,2026-06-01
SS-ROM-0276,Piazza Gentile da Fabriano,Flaminio,giallo,3,traffico locale - segnalazione @Sim1_71,no,2,no,1,II,
SS-ROM-0277,Via Guido Reni,Flaminio,verde,1,nuova ciclabile GRAB confermata,si,0,no,3,II,2026-06-01
SS-ROM-0278,Via Pier della Francesca,Flaminio,giallo,3,traffico locale - segnalazione @Sim1_71,no,2,no,1,II,
SS-ROM-0279,Via Andrea Bregno,Flaminio,verde,1,traffico locale scarso - segnalazione @Sim1_71,si,0,no,1,II,
SS-ROM-0280,Via Cesare Fracassini,Flaminio,rosso,4,strada molto trafficata - segnalazione @Sim1_71,no,4,no,1,II,
SS-ROM-0281,Via Donatello,Flaminio,giallo,3,traffico locale - segnalazione @Sim1_71,no,2,no,1,II,
SS-ROM-0282,Via Giorgio Vasari,Flaminio,verde,1,scarso traffico locale strada senza uscita - segnalazione @Sim1_71,si,0,no,1,II,
SS-ROM-0283,Via Luca Signorelli,Flaminio,verde,1,scarso traffico locale - segnalazione @Sim1_71,si,0,no,1,II,
SS-ROM-0284,Via Francesco Milizia,Flaminio,verde,1,scarso traffico locale - segnalazione @Sim1_71,si,0,no,1,II,
SS-ROM-0285,Via Virginio Vespignani,Flaminio,giallo,3,traffico locale - segnalazione @Sim1_71,no,2,no,1,II,
SS-ROM-0286,Via Raffaele Stern,Flaminio,giallo,3,traffico locale - segnalazione @Sim1_71,no,2,no,1,II,
SS-ROM-0287,Via Masolino da Panicale,Flaminio,verde,1,scarso traffico locale - segnalazione @Sim1_71,si,0,no,1,II,
SS-ROM-0288,Via Girolamo Muziano,Flaminio,verde,1,scarso traffico locale - segnalazione @Sim1_71,si,0,no,1,II,
SS-ROM-0289,Piazza Perin del Vaga,Flaminio,blu,2,area pedonale - segnalazione @Sim1_71,no,0,no,1,II,
SS-ROM-0290,Piazza Melozzo da Forli,Flaminio,giallo,3,traffico locale - segnalazione @Sim1_71,no,2,no,1,II,
SS-ROM-0291,Viale Etiopia,Trieste,rosso,4,arteria trafficata nessuna ciclabile - segnalazione anonimo,no,4,no,1,II,
SS-ROM-0292,Via delle Valli,Montesacro,rosso,4,arteria trafficata nessuna ciclabile - segnalazione Nikolai,no,4,no,1,III,
SS-ROM-0293,Via dei Prati Fiscali (tratto nero),Tufello,nero,5,multicarreggiata pericolosa - segnalazione anonimo,no,4,no,1,III,
SS-ROM-0294,Via Cavriglia,Val Melaina,rosso,4,arteria trafficata nessuna ciclabile - segnalazione anonimo,no,4,no,1,III,
SS-ROM-0295,Via Piero Foscari,Val Melaina,giallo,3,traffico contenuto - segnalazione anonimo,no,2,no,1,III,
SS-ROM-0296,Via Torino,Esquilino,giallo,3,senso unico tranquillo fino via Viminale poi trafficato per doppia fila - segnalazione @hyperpigno,no,1,si,1,I,
SS-ROM-0297,Via dell Esquilino,Esquilino,rosso,4,ipertrafficata nessuna ciclabile - segnalazione @hyperpigno,no,4,no,1,I,
SS-ROM-0298,Via Casilina,Tuscolano,rosso,4,traffico veloce punto poco visibile sotto ponte - segnalazione @nomad_valentine,no,4,no,1,VII,
SS-ROM-0299,Piazzale Labicano,Tuscolano,rosso,4,svincolo trafficato esperienza necessaria per incanalarsi - segnalazione @nomad_valentine,no,0,no,1,VII,
SS-ROM-0300,Viale Carlo Felice,San Giovanni,giallo,3,poco traffico - segnalazione @nomad_valentine,no,2,no,1,I,
SS-ROM-0301,Via del Mandrione (tratto giallo),Tuscolano,giallo,3,poche macchine in alcuni tratti assenti - segnalazione @nomad_valentine,no,1,no,1,VII,
SS-ROM-0302,Piazza Ippolito Nievo,Monteverde,verde,1,area verde bike friendly - segnalazione @luca.tentorio,si,0,no,1,XII,
SS-ROM-0303,Circonvallazione Casilina,Prenestino,nero,5,corsia unica sorpassi azzardati - segnalazione @_light_rider,no,4,no,2,V,2026-06-09
SS-ROM-0304,Lungotevere di Pietra Papa,Marconi,verde,1,pista ciclabile presente,si,0,no,2,XI,
SS-ROM-0305,Via Gabriello Chiabrera,Ostiense,rosso,4,arteria trafficata nessuna ciclabile - segnalazione @luca.tentorio,no,4,no,1,VIII,
SS-ROM-0306,Via Silvio D Amico,Ostiense,giallo,3,traffico contenuto - segnalazione @luca.tentorio,no,2,no,1,VIII,
SS-ROM-0307,Viale Leonardo da Vinci,Ostiense,giallo,3,traffico contenuto - segnalazione @luca.tentorio,no,2,no,1,VIII,
SS-ROM-0308,Via Giovanni Brancaleone,Prenestino,giallo,3,poco traffico - segnalazione @nomad_valentine,no,2,no,1,V,
SS-ROM-0309,Via delle Tre Fontane (tratto verde),EUR,verde,1,ciclabile presente su tratto specifico - segnalazione @luca.tentorio,si,0,no,1,IX,
SS-ROM-0310,Viale Europa,EUR,rosso,4,arteria trafficata EUR nessuna ciclabile - segnalazione @luca.tentorio,no,4,no,1,IX,
SS-ROM-0311,Via Fanfulla da Lodi,Prenestino,giallo,3,poco traffico spazio per accostare - segnalazione @nomad_valentine,no,2,no,1,V,
SS-ROM-0312,Via Olevano Romano,Centocelle,giallo,3,no ciclabile strada tranquilla - segnalazione @smiorodno,no,2,no,1,V,
SS-ROM-0313,Via Anagni,Centocelle,rosso,4,abbastanza trafficata no ciclabile - segnalazione @smiorodno,no,4,no,1,V,
SS-ROM-0314,Viale della Primavera,Prenestino,rosso,4,abbastanza trafficata no ciclabile - segnalazione @smiorodno,no,4,no,1,V,
SS-ROM-0315,Via Prenestina (tratto verde Centocelle),Centocelle,verde,1,ciclabile presente percorsa regolarmente auto rare sopra - segnalazione @smiorodno,si,4,no,1,V,
SS-ROM-0316,Via Conte Verde,Esquilino,rosso,4,arteria trafficata nessuna ciclabile,no,4,no,2,I,
SS-ROM-0317,Via Tuscolana,Tuscolano,verde,1,ciclabile presente - segnalazione Nikolai,si,4,no,1,VII,
SS-ROM-0318,Via Francesco Siano,Esquilino,rosso,4,due corsie doppia fila traffico veloce - segnalazione @arthemis_gard,no,2,no,1,I,
SS-ROM-0319,Via di Santa Croce in Gerusalemme,San Giovanni,rosso,4,trafficata nessun arredo che impedisca doppia fila o alta velocita - segnalazione @hyperpigno,no,2,no,1,I,
SS-ROM-0320,Via San Quintino,Esquilino,giallo,3,senso unico non trafficato ma doppia fila fondo irregolare - segnalazione @hyperpigno,no,1,si,1,I,
SS-ROM-0321,Viale Manzoni,San Giovanni,rosso,4,traffico disordinato velocita oltre limiti nessuna ciclabile - segnalazione @hyperpigno,no,4,no,1,I,
SS-ROM-0322,Via Labicana,Celio,rosso,4,trafficata spesso molto trafficata nessuna ciclabile - segnalazione @hyperpigno,no,4,no,1,I,
SS-ROM-0323,Piazza dei Santi Apostoli,Centro Storico,giallo,3,senso unico senza ciclabile - segnalazione @hyperpigno,no,1,si,1,I,
SS-ROM-0324,Via di San Marcello,Centro Storico,giallo,3,senso unico senza ciclabile - segnalazione @hyperpigno,no,1,si,1,I,
SS-ROM-0325,Via Peralba,Montesacro,giallo,3,traffico locale - segnalazione @Sim1_71,no,2,no,1,III,
SS-ROM-0326,Via Monte Altissimo,Montesacro,verde,1,no ciclabile traffico locale quasi nullo - segnalazione @Sim1_71,no,1,no,1,III,
SS-ROM-0327,Viale Carnaro,Montesacro,rosso,4,traffico intenso e veloce,no,4,no,2,III,
SS-ROM-0328,Via Brennero,Montesacro,verde,1,no ciclabile traffico locale quasi nullo,no,1,no,2,III,
SS-ROM-0329,Via Antonio Canova,Flaminio,giallo,3,senso unico - segnalazione Nikolai,no,1,si,1,I,
SS-ROM-0330,Viale Pantelleria,Montesacro,rosso,4,arteria trafficata nessuna ciclabile,no,4,no,1,III,
SS-ROM-0331,Via Monte Bianco,Montesacro,rosso,4,arteria trafficata nessuna ciclabile,no,4,no,1,III,
SS-ROM-0332,Via Monginevra,Montesacro,rosso,4,arteria trafficata nessuna ciclabile,no,4,no,1,III,
SS-ROM-0333,Via Etna,Montesacro,giallo,3,poco trafficata,no,2,no,1,III,
SS-ROM-0334,Via Col di Nava,Montesacro,giallo,3,poco trafficata,no,2,no,1,III,
SS-ROM-0335,Via di Monte Sacro,Montesacro,giallo,3,poco trafficata,no,2,no,1,III,
SS-ROM-0336,Via di Pietralata,Tiburtino,rosso,4,arteria trafficata nessuna ciclabile,no,4,no,1,IV,
SS-ROM-0337,Via Pietro Mascagni,Trieste,giallo,3,traffico contenuto,no,2,no,1,II,
SS-ROM-0338,Viale Somalia,Trieste,rosso,4,arteria trafficata nessuna ciclabile,no,4,no,1,II,
SS-ROM-0339,Viale Libia,Trieste,rosso,4,arteria trafficata nessuna ciclabile,no,4,no,1,II,
SS-ROM-0340,Via Pontina,EUR,rosso,4,arteria trafficata quasi autostrada urbana,no,4,no,1,IX,
SS-ROM-0341,Viale dell Oceano Atlantico,Fonte Ostiense,verde,1,pista ciclabile presente,si,0,no,1,IX,
SS-ROM-0342,Via Cortona,Castel Giubileo,rosso,4,arteria trafficata nessuna ciclabile,no,4,no,1,III,
SS-ROM-0343,Via Altagnana,Castel Giubileo,verde,1,traffico locale scarso,no,1,no,1,III,
SS-ROM-0344,Via Monte Grimano,Castel Giubileo,rosso,4,arteria trafficata nessuna ciclabile,no,4,no,1,III,
SS-ROM-0345,Via Alberto Lionello,Castel Giubileo,verde,1,traffico locale scarso,no,1,no,1,III,
SS-ROM-0346,Viale Carmelo Bene,Castel Giubileo,rosso,4,arteria trafficata nessuna ciclabile,no,4,no,1,III,
SS-ROM-0347,Via di Settebagni,Casal Boccone,rosso,4,arteria trafficata nessuna ciclabile,no,4,no,2,III,
SS-ROM-0348,Ponte Salario,Montesacro,rosso,4,ponte trafficato nessuna ciclabile,no,4,no,1,III,
SS-ROM-0349,Via Val D Ala,Montesacro,verde,1,traffico locale scarso,no,1,no,1,III,
SS-ROM-0350,Via Val di Lanzo,Montesacro,rosso,4,trafficata nessuna ciclabile,no,2,no,1,III,
SS-ROM-0351,Via del Casale Giuliani,Montesacro,giallo,3,poco trafficata,no,2,no,1,III,
SS-ROM-0352,Piazza Conca d Oro,Montesacro,verde,1,ciclabile nuova attraversa la piazza,si,0,no,1,III,
SS-ROM-0353,Via Valle Martello,Montesacro,giallo,3,poco trafficata,no,2,no,1,III,
SS-ROM-0354,Via Val Sillaro,Montesacro,giallo,3,poco trafficata,no,2,no,1,III,
SS-ROM-0355,Via Val Varaita,Montesacro,giallo,3,poco trafficata,no,2,no,1,III,
SS-ROM-0356,Via Val Santerno,Montesacro,rosso,4,senso unico traffico intenso,no,1,si,1,III,
SS-ROM-0357,Ponte Testaccio,Testaccio,rosso,4,arteria trafficata nessuna ciclabile,no,4,no,1,I,
SS-ROM-0358,Via Galvani,Testaccio,rosso,4,arteria trafficata nessuna ciclabile,no,4,no,1,I,
SS-ROM-0359,Via Beniamino Franklin,Testaccio,verde,1,traffico locale scarso,no,1,no,1,I,
SS-ROM-0360,Lungotevere Testaccio,Testaccio,verde,1,pista ciclabile presente,si,0,no,1,I,
SS-ROM-0361,Via Nicola Zabaglia,Testaccio,giallo,3,ciclabile inagibile traffico contenuto,no,2,no,1,I,
SS-ROM-0362,Piazza di Santa Maria Liberatrice,Testaccio,giallo,3,traffico locale contenuto,no,2,no,2,I,2026-06-06
SS-ROM-0363,Piazza Testaccio,Testaccio,blu,2,area pedonale,no,0,no,1,I,
SS-ROM-0364,Lungotevere Vittorio Gassman,Marconi,rosso,4,arteria trafficata nessuna ciclabile,no,4,no,1,XI,
SS-ROM-0365,Via Giuseppe Veronese,Marconi,rosso,4,arteria trafficata nessuna ciclabile,no,4,no,1,XI,
SS-ROM-0366,Piazza della Radio,Marconi,rosso,4,trafficata nessuna ciclabile,no,4,no,1,XI,
SS-ROM-0367,Via Giuseppe Parini,Monteverde,rosso,4,arteria trafficata nessuna ciclabile,no,4,no,1,XII,
SS-ROM-0368,Lungotevere degli Anguillara,Trastevere,nero,5,multicarreggiata pericolosissima,no,4,no,1,I,
SS-ROM-0369,Via Giovanni Lanza,Esquilino,rosso,4,arteria trafficata nessuna ciclabile,no,4,no,1,I,
SS-ROM-0370,Via Luigi Luzzatti,Esquilino,rosso,4,arteria trafficata nessuna ciclabile,no,4,no,1,I,
SS-ROM-0371,Via di Porta Maggiore,Esquilino,rosso,4,arteria trafficata nessuna ciclabile,no,4,no,2,I,2026-06-08
SS-ROM-0372,Piazza Vittorio Emanuele II,Esquilino,rosso,4,piazza trafficata caotica,no,0,no,1,I,
SS-ROM-0373,Piazza Sidney Sonnino,Trastevere,rosso,4,piazza trafficata nessuna ciclabile,no,0,no,1,I,
SS-ROM-0374,Via del Foro Italico,Parioli,nero,5,multicarreggiata ad alta velocita pericolosissima,no,6,no,1,II,
SS-ROM-0375,Viale della Moschea,Parioli,rosso,4,arteria trafficata nessuna ciclabile,no,4,no,2,II,2026-06-16
SS-ROM-0376,Via Guidubaldo del Monte,Pinciano,verde,1,traffico locale scarso,no,1,no,1,II,
SS-ROM-0377,Via Luigi Settembrini,Della Vittoria,rosso,4,arteria trafficata nessuna ciclabile,no,4,no,1,II,
SS-ROM-0378,Viale Angelico,Prati,verde,1,pista ciclabile presente,si,0,no,3,I,2026-06-01
SS-ROM-0379,Circonvallazione Cornelia,Aurelio,rosso,4,arteria trafficata nessuna ciclabile,no,4,no,1,XIII,
SS-ROM-0380,Via di Boccea (tratto nero),Aurelio,nero,5,multicarreggiata pericolosissima,no,4,no,2,XIII,2026-06-13
SS-ROM-0381,Via Mattia Battistini,Aurelio,verde,1,pista ciclabile presente,si,0,no,1,XIII,
SS-ROM-0382,Via Ennio Bonifazi,Aurelio,rosso,4,arteria trafficata nessuna ciclabile,no,4,no,1,XIII,
SS-ROM-0383,Via di Boccea (tratto rosso),Aurelio,rosso,4,arteria trafficata nessuna ciclabile,no,4,no,2,XIII,2026-06-13
SS-ROM-0384,Via Gelasio Secondo,Aurelio,giallo,3,traffico contenuto,no,2,no,1,XIII,
SS-ROM-0385,Lungotevere dei Sangallo,Prati,nero,5,multicarreggiata pericolosissima,no,4,no,1,I,
SS-ROM-0386,Lungotevere Gianicolense,Trastevere,nero,5,multicarreggiata pericolosissima,no,4,no,1,I,
SS-ROM-0387,Via Ennio Quirino Visconti,Prati,giallo,3,senso unico traffico contenuto,no,1,si,1,I,
SS-ROM-0388,Piazza Adriana,Prati,rosso,4,piazza trafficata caotica,no,0,no,1,I,
SS-ROM-0389,Via Nomentana (tratto Trieste),Trieste,verde,1,ciclabile presente,si,4,no,2,II,2026-06-16
SS-ROM-0390,Viale Ventuno Aprile,Nomentano,rosso,4,arteria trafficata nessuna ciclabile,no,4,no,1,II,
SS-ROM-0391,Viale delle Provincie,Nomentano,rosso,4,arteria trafficata nessuna ciclabile,no,4,no,3,II,2026-06-16
SS-ROM-0392,Via Catania,Nomentano,rosso,4,arteria trafficata nessuna ciclabile,no,4,no,2,II,2026-06-16
SS-ROM-0393,Viale Ippocrate,Nomentano,rosso,4,arteria trafficata nessuna ciclabile,no,4,no,2,II,2026-06-16
SS-ROM-0394,Via della Renella,Trastevere,giallo,3,strada urbana tranquilla senza ciclabile,no,2,no,1,I,2026-06-02
SS-ROM-0395,Piazza Santiago del Cile,Parioli,rosso,4,segnalazioni contrastanti verde/rosso,no,2,no,3,II,2026-06-01
SS-ROM-0396,Via Sabotino,Prati,verde,1,pista ciclabile presente,si,2,no,1,I,2026-06-01
SS-ROM-0397,Via Podgora,Prati,rosso,4,arteria trafficata nessuna ciclabile,no,2,no,1,I,2026-06-01
SS-ROM-0398,Via Luisa di Savoia,Flaminio,rosso,4,arteria trafficata nessuna ciclabile,no,2,no,1,II,2026-06-01
SS-ROM-0399,Piazza del Popolo,Centro Storico,blu,2,ZTL pedonale,no,0,no,2,I,2026-06-01
SS-ROM-0400,Via Ludovisi,Ludovisi,giallo,3,strada urbana tranquilla senza ciclabile,no,2,no,1,I,2026-06-02
SS-ROM-0401,Via Cicerone,Prati,giallo,3,segnalazioni miste giallo/verde - strada urbana,no,2,no,3,I,2026-06-16
SS-ROM-0402,Piazza Cavour,Prati,rosso,4,arteria trafficata nessuna ciclabile,no,4,no,1,I,2026-06-16
SS-ROM-0403,Via Vittoria Colonna,Prati,rosso,4,arteria trafficata nessuna ciclabile,no,2,no,1,I,2026-06-16
SS-ROM-0404,Ponte Cavour,Centro Storico,rosso,4,ponte trafficato nessuna ciclabile,no,4,no,1,I,2026-06-16
SS-ROM-0405,Piazza Augusto Imperatore,Centro Storico,giallo,3,piazza urbana traffico moderato,no,2,no,1,I,2026-06-16
SS-ROM-0406,Via di Ripetta,Centro Storico,giallo,3,segnalazioni miste giallo/blu,no,2,no,2,I,2026-06-16
SS-ROM-0407,Via Maria Cristina,Flaminio,rosso,4,arteria trafficata nessuna ciclabile,no,2,no,1,I,2026-06-16
SS-ROM-0408,Via Domenico Alberto Azuni,Flaminio,giallo,3,strada urbana tranquilla senza ciclabile,no,2,no,1,II,2026-06-16
SS-ROM-0409,Via Gaetano Filangieri,Flaminio,rosso,4,segnalazioni miste giallo/rosso - trafficata,no,2,no,2,II,2026-06-16
SS-ROM-0410,Via Antonio Gramsci,Pinciano,giallo,3,strada urbana tranquilla senza ciclabile,no,2,no,1,II,2026-06-16
SS-ROM-0411,Via di Villa San Filippo,Parioli,giallo,3,strada urbana tranquilla senza ciclabile,no,2,no,1,II,2026-06-16
SS-ROM-0412,Via Eustachio Manfredi,Pinciano,giallo,3,strada urbana tranquilla senza ciclabile,no,2,no,1,II,2026-06-16
SS-ROM-0413,Viale del Casale della Finanziera,Parioli,rosso,4,arteria trafficata nessuna ciclabile,no,2,no,1,II,2026-06-16
SS-ROM-0414,Via Valle Vermiglio,Monte Sacro,giallo,3,strada urbana tranquilla senza ciclabile,no,2,no,1,III,2026-06-16
SS-ROM-0415,Corso Sempione,Monte Sacro,rosso,4,arteria trafficata nessuna ciclabile,no,2,no,1,III,2026-06-16
SS-ROM-0416,Via di Villa Ricotti,Nomentano,verde,1,pista ciclabile presente,si,2,no,1,II,2026-06-16
SS-ROM-0417,Via Lorenzo il Magnifico,Nomentano,rosso,4,arteria trafficata nessuna ciclabile,no,2,no,1,II,2026-06-16
SS-ROM-0418,Via Arduino,Nomentano,rosso,4,arteria trafficata nessuna ciclabile,no,2,no,1,II,2026-06-16
SS-ROM-0419,Piazza dei Crociferi,Centro Storico,blu,2,ZTL pedonale,no,0,no,1,I,2026-06-16
SS-ROM-0420,Via Martin Alonzo Pinzon,Ostiense,giallo,3,strada urbana tranquilla - segnalazione @Sim-1,no,2,no,1,VIII,2026-06-16
SS-ROM-0421,Via Bartolomeo Diaz,Ostiense,giallo,3,strada urbana tranquilla - segnalazione @Sim-1,no,2,no,1,VIII,2026-06-16
SS-ROM-0422,Via Fernando Colombo,Ostiense,blu,2,ZTL/pedonale - segnalazione @Sim-1,no,2,no,1,VIII,2026-06-16
SS-ROM-0423,Via Ermenegildo Frediani,Ostiense,blu,2,ZTL/pedonale - segnalazione @Sim-1,no,2,no,1,VIII,2026-06-16
SS-ROM-0424,Via Manfredo Camperio,Ostiense,giallo,3,strada urbana tranquilla - segnalazione @Sim-1,no,2,no,1,VIII,2026-06-16
SS-ROM-0425,Via Francesco Antonio Pigafetta,Ostiense,verde,1,pista ciclabile presente - segnalazione @Sim-1,si,2,no,1,VIII,2026-06-16
SS-ROM-0426,Piazzale 12 Ottobre 1492,Ostiense,giallo,3,strada urbana - segnalazione @Sim-1,no,4,no,1,VIII,2026-06-16
SS-ROM-0427,Via Giacomo Bove,Ostiense,giallo,3,strada urbana tranquilla - segnalazione @Sim-1,no,2,no,1,VIII,2026-06-16
SS-ROM-0428,Via Federico Nansen,Ostiense,blu,2,ZTL/pedonale - segnalazione @Sim-1,no,2,no,1,VIII,2026-06-16
SS-ROM-0429,Via Vito Bering,Ostiense,blu,2,comprensorio - segnalazione @Sim-1,no,2,no,1,VIII,2026-06-16
SS-ROM-0430,Via Francesco Negri,Ostiense,verde,1,strada locale senza uscita - segnalazione @Sim-1,si,2,no,1,VIII,2026-06-16
SS-ROM-0431,Viale dei Bastioni di Michelangelo,Prati,rosso,4,arteria trafficata nessuna ciclabile,no,4,no,1,I,2026-06-16
SS-ROM-0432,Via Giovanni Vitelleschi,Borgo,rosso,4,arteria trafficata nessuna ciclabile,no,2,no,1,I,2026-06-16
SS-ROM-0433,Via Plinio,Prati,giallo,3,strada urbana tranquilla senza ciclabile,no,2,no,1,I,2026-06-16
SS-ROM-0434,Via Federico Cesi,Prati,giallo,3,strada urbana tranquilla senza ciclabile,no,2,no,1,I,2026-06-16
SS-ROM-0435,Via Leone XIII,Aurelio,nero,5,multicarreggiata ad alta velocità,no,4,no,1,XII,2026-06-13
SS-ROM-0436,Via del Casale di San Pio V,Aurelio,rosso,4,arteria trafficata nessuna ciclabile,no,2,no,1,XIII,2026-06-13
SS-ROM-0437,Via Bartolo da Sassoferrato,Aurelio,rosso,4,arteria trafficata nessuna ciclabile,no,2,no,1,XIII,2026-06-13
SS-ROM-0438,Via Principe Eugenio,Esquilino,rosso,4,carrefour dangereux - segnalazione Sophie,no,4,no,1,I,2026-06-12
SS-ROM-0439,Piazza Armenia,Appio-Latino,rosso,4,arteria trafficata nessuna ciclabile,no,4,no,1,VII,2026-06-12
SS-ROM-0440,Via Cilicia,Appio-Latino,nero,5,multicarreggiata ad alta velocità,no,4,no,1,I,2026-06-12
SS-ROM-0441,Via Guerrieri,Celio,giallo,3,strada urbana tranquilla senza ciclabile,no,2,no,1,I,2026-06-12
SS-ROM-0442,Via Odoardo Beccari,Testaccio,rosso,4,spesso seconda fila con restringimento carreggiata,no,2,no,1,I,2026-06-12
SS-ROM-0443,Via Ambrogio Contarini,Testaccio,giallo,3,strada urbana tranquilla senza ciclabile,no,2,no,1,I,2026-06-12
SS-ROM-0444,Viale Marco Polo,Testaccio,rosso,4,larga ma spesso mezzi in seconda fila,no,4,no,1,I,2026-06-12
SS-ROM-0445,Via Orazio Antinori,Testaccio,verde,1,pista ciclabile presente,si,2,no,1,I,2026-06-06
SS-ROM-0446,Percorso Ciclopedonale Elettra Pollastrini,Aurelio,verde,1,percorso ciclopedonale dedicato,si,0,no,1,XIV,2026-06-02
